日期,时间段,项目,推荐内容,备注,预估费用
Day 1,上午,抵达济南,高铁/飞机抵达，入住趵突泉/大明湖附近商务酒店,推荐：泉城广场周边酒店，交通便利,交通费视出发地
Day 1,下午,商务活动,自由安排工作事项,建议提前确认会议地点,-
Day 1,晚上,晚餐+夜游,宽厚里美食街（老济南四合院、阿水大杯茶）→ 解放阁夜景,宽厚里小吃丰富，解放阁夜景绝佳,晚餐约80-120元
Day 2,上午,经典景点,趵突泉（天下第一泉）→ 五龙潭 → 泉城广场,趵突泉门票约40元，建议早去避开人流,门票40元
Day 2,下午,文化体验,山东省博物馆（14万件藏品，龙山文化蛋壳黑陶杯）,免费参观，需提前预约，周一闭馆,免费
Day 2,晚上,特色晚餐,品尝鲁菜：糖醋黄河鲤鱼、九转大肠、葱烧海参,推荐：老牌鲁菜馆，人均100-150元,人均120元
Day 3,上午,自然风光,大明湖（超然楼看日出/日落）→ 黑虎泉,超然楼夜景灯光秀震撼，黑虎泉可接泉水,免费
Day 3,下午,历史古迹,千佛山（隋代石窟、江北第一大佛）,门票约30元，可乘缆车上山,门票30元
Day 3,晚上,返程,芙蓉街购物 → 返程,芙蓉街有特产和小吃可带走,购物视个人
